{
  "config": {
    "generations": 10000,
    "steps_per_gen": 100,
    "matter_grid": true,
    "wind_field": true
  },
  "stats": {
    "population": [
      1200,
      1200,
      1200,
      1200,
      1200,
      1200,
      1200,
      1200,
      1200,
      1200,
      1200,
      1200,
      1200,
      1200,
      1200,
      1200,
      1200,
      1200,
      1197,
      1195,
      1195,
      1076,
      1076,
      1076,
      1076,
      4,
      8,
      8,
      8,
      8,
      8,
      8,
      8,
      8,
      8,
      8,
      8,
      8,
      8,
      8,
      8,
      8,
      7,
      4,
      1,
      1,
      1,
      1,
      1,
      1,
      0,
      0
    ],
    "avg_nodes": [
      5.050000190734863,
      5.050000190734863,
      5.050000190734863,
      5.050000190734863,
      5.050000190734863,
      5.050000190734863,
      5.050000190734863,
      5.050000190734863,
      5.050000190734863,
      5.050000190734863,
      5.050000190734863,
      5.050000190734863,
      5.050000190734863,
      5.050000190734863,
      5.050000190734863,
      5.050000190734863,
      5.050000190734863,
      5.050000190734863,
      5.047619342803955,
      5.044351577758789,
      5.044351577758789,
      4.9851298332214355,
      4.9851298332214355,
      4.9851298332214355,
      4.9851298332214355,
      5.0,
      5.0,
      5.0,
      5.0,
      5.0,
      5.0,
      5.0,
      5.0,
      5.0,
      5.0,
      5.0,
      5.0,
      5.0,
      5.0,
      5.0,
      5.0,
      5.0,
      5.0,
      5.0,
      5.0,
      5.0,
      5.0,
      5.0,
      5.0,
      5.0,
      0,
      0
    ],
    "avg_energy": [
      43.39160919189453,
      41.68519592285156,
      39.835845947265625,
      38.085025787353516,
      36.432273864746094,
      34.61714172363281,
      32.75913619995117,
      31.097646713256836,
      29.37225341796875,
      27.502519607543945,
      25.727962493896484,
      24.048097610473633,
      22.202434539794922,
      20.310495376586914,
      18.611797332763672,
      16.845853805541992,
      14.932190895080566,
      13.11245059967041,
      11.422584533691406,
      9.563715934753418,
      7.6490349769592285,
      6.797863006591797,
      5.0978474617004395,
      3.2578375339508057,
      1.5455588102340698,
      35.986480712890625,
      30.581348419189453,
      28.790006637573242,
      27.14998435974121,
      25.449962615966797,
      23.609939575195312,
      21.869918823242188,
      20.229887008666992,
      18.429847717285156,
      16.589826583862305,
      14.9498291015625,
      13.24983024597168,
      11.409830093383789,
      9.669828414916992,
      8.029817581176758,
      6.229798316955566,
      4.3897905349731445,
      3.1988935470581055,
      3.270979404449463,
      9.947216033935547,
      8.207223892211914,
      6.5672125816345215,
      4.767195224761963,
      2.927189826965332,
      1.287191390991211,
      0,
      0
    ],
    "wall_count": [
      0,
      0,
      0,
      0,
      0,
      0,
      0,
      0,
      0,
      0,
      0,
      0,
      0,
      0,
      0,
      0,
      0,
      0,
      0,
      0,
      0,
      0,
      0,
      0,
      0,
      0,
      0,
      0,
      0,
      0,
      0,
      0,
      0,
      0,
      0,
      0,
      0,
      0,
      0,
      0,
      0,
      0,
      0,
      0,
      0,
      0,
      0,
      0,
      0,
      0,
      0,
      0
    ],
    "births": 0,
    "deaths": 0
  },
  "final": {
    "generation": 26,
    "population": 0,
    "walls": 0,
    "elapsed_seconds": 10.352794647216797
  }
}