{
  "structures_tested": 15,
  "summary": {
    "T\u8ff7\u5bab\u8bb0\u5fc6": 0.5186666666666666,
    "\u6355\u730e\u80fd\u529b": 0.2642651918941074,
    "\u89c5\u98df\u80fd\u529b": 0.008888888888888889,
    "\u7a7a\u95f4\u63a2\u7d22": 0.010000000000000005,
    "\u52a8\u6001\u54cd\u5e94": 0.0
  },
  "details": [
    {
      "structure_id": "struct_57899",
      "complexity": 11.197224577336218,
      "results": {
        "T\u8ff7\u5bab\u8bb0\u5fc6": 0.46,
        "\u6355\u730e\u80fd\u529b": 0.24002581628163658,
        "\u89c5\u98df\u80fd\u529b": 0.0,
        "\u7a7a\u95f4\u63a2\u7d22": 0.010000000000000002,
        "\u52a8\u6001\u54cd\u5e94": 