{
  "structures_tested": 5,
  "summary": {
    "T\u8ff7\u5bab\u8bb0\u5fc6": 0.528,
    "\u6355\u730e\u80fd\u529b": 0.2751011693954467,
    "\u89c5\u98df\u80fd\u529b": 0.013333333333333332,
    "\u7a7a\u95f4\u63a2\u7d22": 0.02000000000000001,
    "\u52a8\u6001\u54cd\u5e94": 0.0
  },
  "details": [
    {
      "structure_id": "struct_83530",
      "complexity": 11.718875824868201,
      "results": {
        "T\u8ff7\u5bab\u8bb0\u5fc6": 0.5,
        "\u6355\u730e\u80fd\u529b": 0.2763113663991292,
        "\u89c5\u98df\u80fd\u529b": 0.03333333333333333,
        "\u7a7a\u95f4\u63a2\u7d22": 0.06000000000000003,
        "\u52a8\u6001\u54cd\u5e94": 