{
  "structures_tested": 15,
  "summary": {
    "T\u8ff7\u5bab\u8bb0\u5fc6": 0.47066666666666657,
    "\u6355\u730e\u80fd\u529b": 0.24298264788521656,
    "\u89c5\u98df\u80fd\u529b": 0.0022222222222222222,
    "\u7a7a\u95f4\u63a2\u7d22": 0.010000000000000005,
    "\u52a8\u6001\u54cd\u5e94": 0.0
  },
  "details": [
    {
      "structure_id": "struct_07085",
      "complexity": 10.697224577336218,
      "results": {
        "T\u8ff7\u5bab\u8bb0\u5fc6": 0.44,
        "\u6355\u730e\u80fd\u529b": 0.1642917426427205,
        "\u89c5\u98df\u80fd\u529b": 0.0,
        "\u7a7a\u95f4\u63a2\u7d22": 0.010000000000000002,
        "\u52a8\u6001\u54cd\u5e94": 