{
  "step": 10000,
  "structures": [
    {
      "structure_id": "struct_66957",
      "nodes": [
        1,
        6,
        6,
        2,
        4
      ],
      "edges": [
        [
          0,
          1,
          0.001
        ],
        [
          1,
          2,
          0.001
        ],
        [
          2,
          3,
          0.001
        ],
        [
          2,
          1,
          0.4358421063564888
        ],
        [
          1,
          4,
          1.0
        ],
        [
          4,
          2,
          0.001
        ]
      ],
      "complexity_score": 16.891820298110627,
      "first_seen_step": 500,
      "population_count": 19,
      "avg_fitness": 31.397996168176178
    },
    {
      "structure_id": "struct_58092",
      "nodes": [
        1,
        6,
        6,
        2
      ],
      "edges": [
        [
          0,
          1,
          0.001
        ],
        [
          1,
          2,
          0.001
        ],
        [
          2,
          3,
          0.001
        ],
        [
          2,
          1,
          0.4358421063564888
        ],
        [
          0,
          3,
          0.3696087815464268
        ]
      ],
      "complexity_score": 12.083518938456109,
      "first_seen_step": 500,
      "population_count": 19,
      "avg_fitness": 31.397980909387115
    },
    {
      "structure_id": "struct_37797",
      "nodes": [
        1,
        6,
        6,
        2
      ],
      "edges": [
        [
          0,
          1,
          0.001
        ],
        [
          1,
          2,
          0.001
        ],
        [
          2,
          3,
          0.001
        ],
        [
          2,
          1,
          0.4358421063564888
        ],
        [
          0,
          2,
          -0.07749632488953848
        ]
      ],
      "complexity_score": 12.083518938456109,
      "first_seen_step": 500,
      "population_count": 19,
      "avg_fitness": 31.397996168176178
    },
    {
      "structure_id": "struct_83530",
      "nodes": [
        1,
        6,
        6,
        2
      ],
      "edges": [
        [
          0,
          1,
          0.001
        ],
        [
          1,
          2,
          0.001
        ],
        [
          2,
          3,
          0.001
        ],
        [
          2,
          1,
          0.4358421063564888
        ]
      ],
      "complexity_score": 11.718875824868201,
      "first_seen_step": 500,
      "population_count": 305,
      "avg_fitness": 28.9529930892004
    },
    {
      "structure_id": "struct_92260",
      "nodes": [
        1,
        4,
        7,
        6,
        4,
        7,
        2
      ],
      "edges": [
        [
          0,
          3,
          0.001
        ],
        [
          1,
          3,
          0.001
        ]
      ],
      "complexity_score": 11.697224577336218,
      "first_seen_step": 500,
      "population_count": 20,
      "avg_fitness": 20.017099307016906
    },
    {
      "structure_id": "struct_02257",
      "nodes": [
        1,
        6,
        7,
        7,
        4,
        2
      ],
      "edges": [
        [
          0,
          2,
          0.001
        ],
        [
          3,
          4,
          0.001
        ]
      ],
      "complexity_score": 10.697224577336218,
      "first_seen_step": 500,
      "population_count": 19,
      "avg_fitness": 39.509233979086275
    },
    {
      "structure_id": "struct_82371",
      "nodes": [
        1,
        4,
        7,
        7,
        7,
        2
      ],
      "edges": [
        [
          1,
          4,
          0.001
        ],
        [
          0,
          5,
          0.001
        ]
      ],
      "complexity_score": 10.197224577336218,
      "first_seen_step": 500,
      "population_count": 20,
      "avg_fitness": 38.231050646871154
    },
    {
      "structure_id": "struct_89503",
      "nodes": [
        1,
        6,
        7,
        7,
        7,
        2
      ],
      "edges": [
        [
          0,
          5,
          0.001
        ],
        [
          2,
          4,
          0.001
        ]
      ],
      "complexity_score": 10.197224577336218,
      "first_seen_step": 500,
      "population_count": 16,
      "avg_fitness": 39.079400396789424
    },
    {
      "structure_id": "struct_42718",
      "nodes": [
        1,
        4,
        7,
        4,
        2
      ],
      "edges": [
        [
          2,
          3,
          0.001
        ],
        [
          0,
          2,
          0.001
        ]
      ],
      "complexity_score": 9.197224577336218,
      "first_seen_step": 500,
      "population_count": 343,
      "avg_fitness": 28.952964647067915
    },
    {
      "structure_id": "struct_91748",
      "nodes": [
        1,
        6,
        4,
        6,
        2
      ],
      "edges": [
        [
          0,
          2,
          0.001
        ],
        [
          3,
          4,
          0.001
        ]
      ],
      "complexity_score": 9.197224577336218,
      "first_seen_step": 500,
      "population_count": 380,
      "avg_fitness": 28.92655982206432
    },
    {
      "structure_id": "struct_36615",
      "nodes": [
        1,
        4,
        4,
        7,
        2
      ],
      "edges": [
        [
          0,
          2,
          0.001
        ],
        [
          1,
          3,
          0.001
        ]
      ],
      "complexity_score": 9.197224577336218,
      "first_seen_step": 500,
      "population_count": 362,
      "avg_fitness": 28.952959976313394
    },
    {
      "structure_id": "struct_91516",
      "nodes": [
        1,
        7,
        4,
        4,
        2
      ],
      "edges": [
        [
          3,
          4,
          0.001
        ],
        [
          0,
          1,
          0.001
        ]
      ],
      "complexity_score": 9.197224577336218,
      "first_seen_step": 500,
      "population_count": 325,
      "avg_fitness": 28.95297416744461
    },
    {
      "structure_id": "struct_51398",
      "nodes": [
        1,
        6,
        7,
        7,
        2
      ],
      "edges": [
        [
          0,
          2,
          0.001
        ],
        [
          2,
          3,
          0.001
        ]
      ],
      "complexity_score": 9.197224577336218,
      "first_seen_step": 500,
      "population_count": 342,
      "avg_fitness": 28.952963752994833
    },
    {
      "structure_id": "struct_86004",
      "nodes": [
        1,
        7,
        6,
        7,
        2
      ],
      "edges": [
        [
          1,
          2,
          0.001
        ],
        [
          0,
          3,
          0.001
        ]
      ],
      "complexity_score": 9.197224577336218,
      "first_seen_step": 500,
      "population_count": 342,
      "avg_fitness": 28.952964587463043
    },
    {
      "structure_id": "struct_59567",
      "nodes": [
        1,
        4,
        4,
        6,
        2
      ],
      "edges": [
        [
          0,
          4,
          0.001
        ],
        [
          1,
          2,
          0.001
        ]
      ],
      "complexity_score": 9.197224577336218,
      "first_seen_step": 500,
      "population_count": 362,
      "avg_fitness": 28.952959976313394
    },
    {
      "structure_id": "struct_45360",
      "nodes": [
        1,
        4,
        6,
        6,
        2
      ],
      "edges": [
        [
          0,
          4,
          0.001
        ],
        [
          1,
          4,
          0.001
        ]
      ],
      "complexity_score": 9.197224577336218,
      "first_seen_step": 500,
      "population_count": 324,
      "avg_fitness": 28.692338672092426
    },
    {
      "structure_id": "struct_80381",
      "nodes": [
        1,
        7,
        7,
        6,
        2
      ],