{
  "stats": {
    "steps": [
      99,
      199,
      299,
      399,
      499,
      599,
      699,
      799,
      899,
      999,
      1099,
      1199,
      1299,
      1399,
      1499,
      1599,
      1699,
      1799,
      1899,
      1999
    ],
    "population": [
      80,
      80,
      80,
      80,
      80,
      80,
      80,
      80,
      80,
      80,
      80,
      80,
      80,
      80,
      80,
      80,
      80,
      80,
      80,
      80
    ],
    "avg_nodes": [
      5.200000286102295,
      5.200000286102295,
      5.200000286102295,
      5.200000286102295,
      5.200000286102295,
      5.200000286102295,
      5.200000286102295,
      5.200000286102295,
      5.200000286102295,
      5.200000286102295,
      5.200000286102295,
      5.200000286102295,
      5.200000286102295,
      5.137500286102295,
      5.137500286102295,
      5.137500286102295,
      5.137500286102295,
      5.137500286102295,
      5.137500286102295,
      5.137500286102295
    ],
    "complex_structures": [
      56,
      56,
      56,
      56,
      56,
      56,
      56,
      56,
      56,
      56,
      56,
      56,
      56,
      55,
      55,
      55,
      55,
      55,
      55,
      55
    ],
    "total_energy": [
      14411.30078125,
      17883.248046875,
      20534.70703125,
      22649.548828125,
      27821.9140625,
      28068.28515625,
      31345.681640625,
      34660.75390625,
      35504.34375,
      39035.86328125,
      41286.25390625,
      43704.49609375,
      46187.171875,
      46630.9765625,
      51944.7109375,
      54594.8125,
      55639.91796875,
      57496.7109375,
      61698.359375,
      60873.6796875
    ]
  },
  "final": {
    "step": 2000,
    "population": 80,
    "avg_nodes": 5.137500286102295
  }
}