{
  "config": {
    "steps": 5000,
    "initial_pop": 200,
    "curriculum": [
      [
        0,
        1000,
        {
          "invisible_moves": 10
        }
      ],
      [
        1000,
        3000,
        {
          "invisible_moves": 50
        }
      ],
      [
        3000,
        5000,
        {
          "invisible_moves": 150
        }
      ]
    ],
    "metabolism": {
      "mode": "sparse",
      "base": 0.005,
      "kleiber": 0.75
    }
  },
  "stats": {
    "steps": [
      99,
      199,
      299,
      399,
      499,
      599,
      699,
      799,
      899,
      999,
      1099,
      1199,
      1299,
      1399,
      1499,
      1599,
      1699,
      1799,
      1899,
      1999,
      2099,
      2199,
      2299,
      2399,
      2499,
      2599,
      2699,
      2799,
      2899,
      2999,
      3099,
      3199,
      3299,
      3399,
      3499,
      3599,
      3699,
      3799,
      3899,
      3999,
      4099,
      4199,
      4299,
      4399,
      4499,
      4599,
      4699,
      4799,
      4899,
      4999
    ],
    "population": [
      400,
      400,
      400,
      400,
      400,
      400,
      400,
      400,
      400,
      400,
      400,
      400,
      400,
      400,
      400,
      400,
      400,
      400,
      400,
      400,
      400,
      400,
      400,
      400,
      400,
      400,
      400,
      400,
      400,
      400,
      400,
      400,
      400,
      400,
      400,
      400,
      400,
      400,
      400,
      400,
      400,
      400,
      400,
      400,
      400,
      400,
      400,
      400,
      400,
      400
    ],
    "avg_nodes": [
      4.009999752044678,
      4.009999752044678,
      4.009999752044678,
      4.009999752044678,
      4.009999752044678,
      4.009999752044678,
      4.009999752044678,
      4.009999752044678,
      4.009999752044678,
      4.009999752044678,
      4.009999752044678,
      4.009999752044678,
      4.009999752044678,
      4.009999752044678,
      4.009999752044678,
      4.009999752044678,
      4.009999752044678,
      4.009999752044678,
      4.009999752044678,
      4.009999752044678,
      4.009999752044678,
      4.009999752044678,
      4.009999752044678,
      4.009999752044678,
      4.009999752044678,
      4.009999752044678,
      4.009999752044678,
      4.009999752044678,
      4.009999752044678,
      4.009999752044678,
      4.009999752044678,
      4.009999752044678,
      4.009999752044678,
      4.009999752044678,
      4.009999752044678,
      4.009999752044678,
      4.009999752044678,
      4.009999752044678,
      4.009999752044678,
      4.009999752044678,
      4.009999752044678,
      4.009999752044678,
      4.009999752044678,
      4.009999752044678,
      4.009999752044678,
      4.009999752044678,
      4.009999752044678,
      4.009999752044678,
      4.009999752044678,
      4.009999752044678
    ],
    "avg_energy": [
      74.6487808227539,
      74.05485534667969,
      73.59574127197266,
      73.08883666992188,
      72.511474609375,
      72.08112335205078,
      71.37506866455078,
      70.95082092285156,
      70.26708984375,
      69.71890258789062,
      69.13070678710938,
      68.48249053955078,
      67.99431610107422,
      67.2460708618164,
      66.79790496826172,
      66.10968017578125,
      65.56148529052734,
      64.97328186035156,
      64.32506561279297,
      63.836883544921875,
      63.08879852294922,
      62.640750885009766,
      61.95274353027344,
      61.40470504760742,
      60.81668472290039,
      60.16866683959961,
      59.68062210083008,
      58.93262481689453,
      58.48457717895508,
      57.79656219482422,
      57.24853515625,
      56.66050720214844,
      56.01249694824219,
      55.52444839477539,
      54.77644348144531,
      54.32839584350586,
      53.640384674072266,
      53.09234619140625,
      52.50431442260742,
      51.85629653930664,
      51.36825180053711,
      50.62025451660156,
      50.17219543457031,
      49.48418426513672,
      48.9361457824707,
      48.34811782836914,
      47.70010757446289,
      47.212059020996094,
      46.46406173706055,
      46.016014099121094
    ],
    "births": 0,
    "deaths": 0,
    "complex_structures": [
      6,
      6,
      6,
      6,
      6,
      6,
      6,
      6,
      6,
      6,
      6,
      6,
      6,
      6,
      6,
      6,
      6,
      6,
      6,
      6,
      6,
      6,
      6,
      6,
      6,
      6,
      6,
      6,
      6,
      6,
      6,
      6,
      6,
      6,
      6,
      6,
      6,
      6,
      6,
      6,
      6,
      6,
      6,
      6,
      6,
      6,
      6,
      6,
      6,
      6
    ]
  },
  "final": {
    "step": 5000,
    "population": 400,
    "elapsed_seconds": 10.166880130767822
  }
}