{
  "stats": {
    "steps": [
      99,
      199,
      299,
      399,
      499,
      599,
      699,
      799,
      899,
      999,
      1099,
      1199,
      1299,
      1399,
      1499,
      1599,
      1699,
      1799,
      1899,
      1999,
      2099,
      2199,
      2299,
      2399,
      2499,
      2599,
      2699,
      2799,
      2899,
      2999
    ],
    "population": [
      80,
      80,
      80,
      80,
      80,
      80,
      80,
      80,
      80,
      80,
      80,
      80,
      80,
      80,
      80,
      80,
      80,
      80,
      80,
      80,
      80,
      80,
      80,
      80,
      80,
      80,
      80,
      80,
      80,
      80
    ],
    "avg_nodes": [
      5.150000095367432,
      5.150000095367432,
      5.150000095367432,
      5.150000095367432,
      5.150000095367432,
      5.150000095367432,
      5.150000095367432,
      5.150000095367432,
      5.150000095367432,
      5.150000095367432,
      5.150000095367432,
      5.150000095367432,
      5.150000095367432,
      5.150000095367432,
      5.150000095367432,
      5.150000095367432,
      5.150000095367432,
      5.150000095367432,
      5.150000095367432,
      5.150000095367432,
      5.150000095367432,
      5.150000095367432,
      5.150000095367432,
      5.150000095367432,
      5.150000095367432,
      5.150000095367432,
      5.150000095367432,
      5.150000095367432,
      5.150000095367432,
      5.150000095367432
    ],
    "complex_structures": [
      54,
      54,
      54,
      54,
      54,
      54,
      54,
      54,
      54,
      54,
      54,
      54,
      54,
      54,
      54,
      54,
      54,
      54,
      54,
      54,
      54,
      54,
      54,
      54,
      54,
      54,
      54,
      54,
      54,
      54
    ],
    "avg_velocity": [
      5.804591637570411e-05,
      1.541777039371084e-09,
      4.0951654366834164e-14,
      1.0877304079907728e-18,
      3.743392066509216e-23,
      0.0,
      0.0,
      0.0,
      0.0,
      0.0,
      0.0,
      0.0,
      0.0,
      0.0,
      0.0,
      0.0,
      0.0,
      0.0,
      0.0,
      0.0,
      0.0,
      0.0,
      0.0,
      0.0,
      0.0,
      0.0,
      0.0,
      0.0,
      0.0,
      0.0
    ]
  },
  "final": {
    "step": 3000,
    "population": 80
  }
}