{
  "version": "v16.13",
  "config": {
    "curriculum_learning": true,
    "phase_1_ratio": 0.8,
    "phase_2_ratio": 0.4,
    "phase_3_ratio": 0.15,
    "visible_reward": 2.0,
    "invisible_reward": 5.0,
    "base_metabolism": 0.015,
    "init_energy": 80.0
  },
  "stats": {
    "steps": [
      200,
      400,
      600,
      800,
      1000,
      1200,
      1400,
      1600,
      1800,
      2000,
      2200,
      2400,
      2600,
      2800,
      3000,
      3200,
      3400,
      3600,
      3800,
      4000,
      4200,
      4400,
      4600,
      4800,
      5000
    ],
    "population": [
      61,
      64,
      59,
      78,
      61,
      58,
      57,
      71,
      64,
      45,
      56,
      43,
      32,
      32,
      23,
      17,
      16,
      17,
      10,
      9,
      9,
      7,
      5,
      2,
      2
    ],
    "avg_nodes": [
      7.262294769287109,
      7.34375,
      7.98305082321167,
      7.679487228393555,
      7.540983200073242,
      7.2068963050842285,
      6.087719440460205,
      5.563380241394043,
      5.484375,
      5.4666666984558105,
      5.6964287757873535,
      5.837209224700928,
      5.78125,
      5.75,
      5.695652484893799,
      5.529411792755127,
      5.5,
      5.529411792755127,
      5.800000190734863,
      5.777777671813965,
      5.555555820465088,
      5.428571701049805,
      5.400000095367432,
      5.5,
      5.0
    ],
    "complex_structures": [
      56,
      61,
      59,
      78,
      61,
      58,
      57,
      70,
      64,
      45,
      56,
      43,
      32,
      32,
      23,
      17,
      16,
      17,
      10,
      9,
      9,
      7,
      5,
      2,
      2
    ],
    "avg_velocity": [
      17.28778839111328,
      18.44987678527832,
      17.109939575195312,
      19.986913681030273,
      17.574554443359375,
      16.956632614135742,
      17.25439453125,
      18.803424835205078,
      18.10959815979004,
      15.2092866897583,
      16.556503295898438,
      15.158153533935547,
      12.700849533081055,
      12.839140892028809,
      10.846719741821289,
      9.348343849182129,
      8.939523696899414,
      9.04246997833252,
      7.151028156280518,
      6.815014362335205,
      7.371350288391113,
      6.105686664581299,
      5.3229804039001465,
      3.0170979499816895,
      3.6802825927734375
    ],
    "stationary_tax_paid": []
  },
  "final": {
    "step": 5000,
    "population": 2,
    "avg_nodes": 5.0
  }
}