{
  "version": "v16.15",
  "config": {
    "curriculum_learning": true,
    "phase_1_ratio": 0.8,
    "phase_2_ratio": 0.6,
    "phase_3_ratio": 0.5,
    "phase_4_ratio": 0.4,
    "phase_5_ratio": 0.3,
    "visible_reward": 2.0,
    "invisible_reward": 6.0,
    "base_metabolism": 0.012,
    "init_energy": 90.0,
    "exploration_noise": 0.35
  },
  "stats": {
    "steps": [
      200,
      400,
      600,
      800,
      1000,
      1200,
      1400,
      1600,
      1800,
      2000,
      2200,
      2400,
      2600,
      2800,
      3000,
      3200,
      3400
    ],
    "population": [
      68,
      100,
      100,
      99,
      80,
      85,
      76,
      59,
      84,
      100,
      100,
      100,
      100,
      83,
      68,
      55,
      47
    ],
    "avg_nodes": [
      7.941176414489746,
      8.170000076293945,
      8.40999984741211,
      8.42424201965332,
      8.762499809265137,
      8.835294723510742,
      8.973684310913086,
      8.508474349975586,
      8.523809432983398,
      8.639999389648438,
      8.670000076293945,
      8.720000267028809,
      8.519999504089355,
      8.469879150390625,
      8.367647171020508,
      8.854545593261719,
      8.872340202331543
    ],
    "complex_structures": [
      64,
      95,
      98,
      99,
      80,
      85,
      76,
      59,
      84,
      100,
      100,
      100,
      100,
      83,
      68,
      55,
      47
    ],
    "super_structures": [
      43,
      65,
      71,
      69,
      61,
      67,
      64,
      48,
      72,
      91,
      91,
      93,
      93,
      76,
      61,
      51,
      45
    ],
    "avg_velocity": [
      16.871007919311523,
      20.393064498901367,
      20.34807586669922,
      19.895774841308594,
      18.254804611206055,
      18.63450813293457,
      17.774755477905273,
      15.58570671081543,
      18.86209487915039,
      20.481557846069336,
      20.634140014648438,
      20.624881744384766,
      20.453601837158203,
      18.370914459228516,
      17.21955680847168,
      15.204386711120605,
      14.231995582580566
    ],
    "visible_ratio": [
      0.8108108108108109,
      0.8108108108108109,
      0.8108108108108109,
      0.8108108108108109,
      0.8108108108108109,
      0.5945945945945946,
      0.5945945945945946,
      0.5945945945945946,
      0.5945945945945946,
      0.4864864864864865,
      0.4864864864864865,
      0.4864864864864865,
      0.4864864864864865,
      0.4864864864864865,
      0.4864864864864865,
      0.3783783783783784,
      0.3783783783783784
    ]
  },
  "final": {
    "step": 3500,
    "population": 49,
    "avg_nodes": 8.872340202331543
  }
}