{
  "version": "v16.14",
  "config": {
    "curriculum_learning": true,
    "phase_1_ratio": 0.8,
    "phase_2_ratio": 0.5,
    "phase_3_ratio": 0.3,
    "phase_4_ratio": 0.2,
    "visible_reward": 2.0,
    "invisible_reward": 5.0,
    "base_metabolism": 0.015,
    "init_energy": 70.0
  },
  "stats": {
    "steps": [
      200,
      400,
      600,
      800,
      1000,
      1200,
      1400,
      1600,
      1800,
      2000,
      2200,
      2400
    ],
    "population": [
      43,
      62,
      59,
      48,
      57,
      47,
      54,
      59,
      48,
      56,
      67,
      73
    ],
    "avg_nodes": [
      6.395349025726318,
      6.064516067504883,
      5.813559532165527,
      5.708333492279053,
      5.666666507720947,
      5.829787254333496,
      5.722222328186035,
      5.694915294647217,
      5.0,
      5.464285850524902,
      5.358208656311035,
      4.890410900115967
    ],
    "complex_structures": [
      37,
      51,
      46,
      37,
      45,
      38,
      43,
      49,
      34,
      42,
      38,
      31
    ],
    "avg_velocity": [
      15.27088737487793,
      17.890602111816406,
      17.216012954711914,
      15.508698463439941,
      17.385663986206055,
      15.67919635772705,
      17.09743309020996,
      17.89282989501953,
      15.53541088104248,
      16.77326011657715,
      18.771764755249023,
      18.91415023803711
    ],
    "visible_ratio": [
      0.8108108108108109,
      0.8108108108108109,
      0.8108108108108109,
      0.8108108108108109,
      0.8108108108108109,
      0.4864864864864865,
      0.4864864864864865,
      0.4864864864864865,
      0.4864864864864865,
      0.4864864864864865,
      0.2972972972972973,
      0.2972972972972973
    ]
  },
  "final": {
    "step": 2500,
    "population": 67,
    "avg_nodes": 4.890410900115967
  }
}