{
  "version": "v16.8",
  "config": {
    "visible_reward": 1.0,
    "invisible_reward": 3.0,
    "base_metabolism": 0.015,
    "active_sensing_threshold": 0.1
  },
  "stats": {
    "steps": [
      200,
      400,
      600,
      800,
      1000
    ],
    "population": [
      25,
      25,
      25,
      19,
      1
    ],
    "avg_nodes": [
      5.119999885559082,
      5.119999885559082,
      5.119999885559082,
      4.684210777282715,
      4.0
    ],
    "complex_structures": [
      16,
      16,
      16,
      10,
      0
    ],
    "avg_velocity": [
      0.00318467547185719,
      0.001044421922415495,
      0.002679244615137577,
      0.0008964543812908232,
      0.0003933733969461173
    ],
    "invisible_feeds": []
  },
  "final": {
    "step": 1002,
    "population": 0,
    "avg_nodes": 4.0
  }
}