{
  "generation": 500,
  "total_agents": 30,
  "top_20_count": 6,
  "best_fitness": 31.810435650774778,
  "avg_fitness": 5.30173927512913,
  "avg_nodes": 16.0,
  "avg_edges": 15.833333333333334
}